﻿<?xml version="1.0" encoding="utf-8"?>
<mi:AddOnInstaller xmlns:mi="http://www.composite.net/ns/management/addoninstaller/1.0" >

	<mi:AddOnRequirements minimumCompositeVersion="1.0.0.0" maximumCompositeVersion="1.9.9.9">
	</mi:AddOnRequirements>

	<mi:AddOnInformation id="F270AFBC-2833-41da-AB4A-F483B48EB6D3" name="ExistingDynamicDataType" groupName="MRJ AddOns" version="1.0.0" author="Martin Jensens" website="www.composite.net" canBeUninstalled="true" systemLocking="none">
		<Description>This add-on installs a exsitng dynamic data type. This is for testing only!</Description>
	</mi:AddOnInformation>

	<mi:AddOnFragmentInstallers>
		<mi:Add installerType="Composite.AddOnSystem.AddOnFragmentInstallers.DynamicDataTypeAddOnFragmentInstaller, Composite"
     uninstallerType="Composite.AddOnSystem.AddOnFragmentInstallers.DynamicDataTypeAddOnFragmentUninstaller, Composite">
      <Types>
        <Type dataTypeDescriptor="&lt;DataTypeDescriptor dataTypeId=&quot;c046f704-d3e4-4b3d-8cb9-77564fb0b9e7&quot; name=&quot;IPage&quot; namespace=&quot;Composite.Data.Types&quot; title=&quot;Title&quot; hasCustomPhysicalSortOrder=&quot;false&quot; isCodeGenerated=&quot;false&quot; labelFieldName=&quot;Title&quot; typeManagerTypeName=&quot;Composite.Data.Types.IPage,Composite&quot; version=&quot;1&quot;&gt;&#xD;&#xA;  &lt;DataAssociations /&gt;&#xD;&#xA;  &lt;DataScopes&gt;&#xD;&#xA;    &lt;DataScopeIdentifier name=&quot;public&quot; /&gt;&#xD;&#xA;    &lt;DataScopeIdentifier name=&quot;administrated&quot; /&gt;&#xD;&#xA;    &lt;DataScopeIdentifier name=&quot;versioned&quot; /&gt;&#xD;&#xA;    &lt;DataScopeIdentifier name=&quot;deleted&quot; /&gt;&#xD;&#xA;  &lt;/DataScopes&gt;&#xD;&#xA;  &lt;KeyPropertyNames&gt;&#xD;&#xA;    &lt;KeyPropertyName name=&quot;Id&quot; /&gt;&#xD;&#xA;  &lt;/KeyPropertyNames&gt;&#xD;&#xA;  &lt;SuperInterfaces&gt;&#xD;&#xA;    &lt;SuperInterface type=&quot;Composite.Data.ProcessControlled.IVersionControlled,Composite&quot; /&gt;&#xD;&#xA;    &lt;SuperInterface type=&quot;Composite.Data.ProcessControlled.IProcessControlled,Composite&quot; /&gt;&#xD;&#xA;    &lt;SuperInterface type=&quot;Composite.Data.ProcessControlled.IPublishControlled,Composite&quot; /&gt;&#xD;&#xA;    &lt;SuperInterface type=&quot;Composite.Data.ProcessControlled.IDeleteControlled,Composite&quot; /&gt;&#xD;&#xA;  &lt;/SuperInterfaces&gt;&#xD;&#xA;  &lt;Fields&gt;&#xD;&#xA;    &lt;DataFieldDescriptor id=&quot;fa2691bb-191e-4520-bf60-f3b7d1762ce0&quot; name=&quot;Id&quot; isNullable=&quot;false&quot; position=&quot;1000&quot; inherited=&quot;false&quot; instanceType=&quot;System.Guid, mscorlib, Version=2.0.0.0, Culture=neutral, PublicKeyToken=b77a5c561934e089&quot; storeType=&quot;PhysicalStoreType='Guid'&quot;&gt;&#xD;&#xA;      &lt;FormRenderingProfile /&gt;&#xD;&#xA;      &lt;ValidationFunctionMarkups /&gt;&#xD;&#xA;    &lt;/DataFieldDescriptor&gt;&#xD;&#xA;    &lt;DataFieldDescriptor id=&quot;153779fa-04a2-4928-82bb-a145f89cd917&quot; name=&quot;ParentId&quot; isNullable=&quot;false&quot; position=&quot;1000&quot; inherited=&quot;false&quot; instanceType=&quot;System.Guid, mscorlib, Version=2.0.0.0, Culture=neutral, PublicKeyToken=b77a5c561934e089&quot; storeType=&quot;PhysicalStoreType='Guid'&quot;&gt;&#xD;&#xA;      &lt;FormRenderingProfile /&gt;&#xD;&#xA;      &lt;ValidationFunctionMarkups /&gt;&#xD;&#xA;    &lt;/DataFieldDescriptor&gt;&#xD;&#xA;    &lt;DataFieldDescriptor id=&quot;46d0ebcd-b604-4cc2-b0b0-c0f589172680&quot; name=&quot;TemplateId&quot; isNullable=&quot;false&quot; position=&quot;1000&quot; inherited=&quot;false&quot; instanceType=&quot;System.Guid, mscorlib, Version=2.0.0.0, Culture=neutral, PublicKeyToken=b77a5c561934e089&quot; storeType=&quot;PhysicalStoreType='Guid'&quot; foreignKeyReferenceTypeName=&quot;Composite.Data.Types.IPageTemplate,Composite&quot;&gt;&#xD;&#xA;      &lt;FormRenderingProfile /&gt;&#xD;&#xA;      &lt;ValidationFunctionMarkups /&gt;&#xD;&#xA;    &lt;/DataFieldDescriptor&gt;&#xD;&#xA;    &lt;DataFieldDescriptor id=&quot;e271d3eb-a8eb-49ea-9bb5-e5a54f88298f&quot; name=&quot;CultureName&quot; isNullable=&quot;false&quot; position=&quot;1000&quot; inherited=&quot;false&quot; instanceType=&quot;System.String, mscorlib, Version=2.0.0.0, Culture=neutral, PublicKeyToken=b77a5c561934e089&quot; storeType=&quot;PhysicalStoreType='String'Length='16'&quot;&gt;&#xD;&#xA;      &lt;FormRenderingProfile /&gt;&#xD;&#xA;      &lt;ValidationFunctionMarkups /&gt;&#xD;&#xA;    &lt;/DataFieldDescriptor&gt;&#xD;&#xA;    &lt;DataFieldDescriptor id=&quot;8a06d28e-dad9-438d-9570-0c0120add560&quot; name=&quot;Title&quot; isNullable=&quot;false&quot; position=&quot;1000&quot; inherited=&quot;false&quot; instanceType=&quot;System.String, mscorlib, Version=2.0.0.0, Culture=neutral, PublicKeyToken=b77a5c561934e089&quot; storeType=&quot;PhysicalStoreType='String'Length='255'&quot;&gt;&#xD;&#xA;      &lt;FormRenderingProfile /&gt;&#xD;&#xA;      &lt;ValidationFunctionMarkups /&gt;&#xD;&#xA;    &lt;/DataFieldDescriptor&gt;&#xD;&#xA;    &lt;DataFieldDescriptor id=&quot;3e398fa5-7961-4a75-a6ce-c147b7f4b90a&quot; name=&quot;MenuTitle&quot; isNullable=&quot;true&quot; position=&quot;1000&quot; inherited=&quot;false&quot; instanceType=&quot;System.String, mscorlib, Version=2.0.0.0, Culture=neutral, PublicKeyToken=b77a5c561934e089&quot; storeType=&quot;PhysicalStoreType='String'Length='64'&quot;&gt;&#xD;&#xA;      &lt;FormRenderingProfile /&gt;&#xD;&#xA;      &lt;ValidationFunctionMarkups /&gt;&#xD;&#xA;    &lt;/DataFieldDescriptor&gt;&#xD;&#xA;    &lt;DataFieldDescriptor id=&quot;c9a81ade-dad5-4740-a891-df1ce2fab498&quot; name=&quot;UrlTitle&quot; isNullable=&quot;false&quot; position=&quot;1000&quot; inherited=&quot;false&quot; instanceType=&quot;System.String, mscorlib, Version=2.0.0.0, Culture=neutral, PublicKeyToken=b77a5c561934e089&quot; storeType=&quot;PhysicalStoreType='String'Length='64'&quot;&gt;&#xD;&#xA;      &lt;FormRenderingProfile /&gt;&#xD;&#xA;      &lt;ValidationFunctionMarkups /&gt;&#xD;&#xA;    &lt;/DataFieldDescriptor&gt;&#xD;&#xA;    &lt;DataFieldDescriptor id=&quot;22787ad0-349a-432f-89c7-3d532b613bb7&quot; name=&quot;FriendlyUrl&quot; isNullable=&quot;true&quot; position=&quot;1000&quot; inherited=&quot;false&quot; instanceType=&quot;System.String, mscorlib, Version=2.0.0.0, Culture=neutral, PublicKeyToken=b77a5c561934e089&quot; storeType=&quot;PhysicalStoreType='String'Length='64'&quot;&gt;&#xD;&#xA;      &lt;FormRenderingProfile /&gt;&#xD;&#xA;      &lt;ValidationFunctionMarkups /&gt;&#xD;&#xA;    &lt;/DataFieldDescriptor&gt;&#xD;&#xA;    &lt;DataFieldDescriptor id=&quot;3eecb770-1d8f-45e0-9b4d-2ca67a278fa3&quot; name=&quot;Abstract&quot; isNullable=&quot;true&quot; position=&quot;1000&quot; inherited=&quot;false&quot; instanceType=&quot;System.String, mscorlib, Version=2.0.0.0, Culture=neutral, PublicKeyToken=b77a5c561934e089&quot; storeType=&quot;PhysicalStoreType='String'Length='1024'&quot;&gt;&#xD;&#xA;      &lt;FormRenderingProfile /&gt;&#xD;&#xA;      &lt;ValidationFunctionMarkups /&gt;&#xD;&#xA;    &lt;/DataFieldDescriptor&gt;&#xD;&#xA;    &lt;DataFieldDescriptor id=&quot;d2c6a810-dd5b-48c7-90ae-6ec6b0f22c87&quot; name=&quot;LocalOrdering&quot; isNullable=&quot;false&quot; position=&quot;1000&quot; inherited=&quot;false&quot; instanceType=&quot;System.Int32, mscorlib, Version=2.0.0.0, Culture=neutral, PublicKeyToken=b77a5c561934e089&quot; storeType=&quot;PhysicalStoreType='Integer'&quot;&gt;&#xD;&#xA;      &lt;FormRenderingProfile /&gt;&#xD;&#xA;      &lt;ValidationFunctionMarkups /&gt;&#xD;&#xA;    &lt;/DataFieldDescriptor&gt;&#xD;&#xA;  &lt;/Fields&gt;&#xD;&#xA;&lt;/DataTypeDescriptor&gt;" />
      </Types>
    </mi:Add>


	</mi:AddOnFragmentInstallers>
</mi:AddOnInstaller>