﻿<?xml version="1.0" encoding="utf-8"?>
<mi:PackageInstaller xmlns:mi="http://www.composite.net/ns/management/packageinstaller/1.0" >

	<mi:PackageRequirements minimumCompositeVersion="2.0.0.0" maximumCompositeVersion="2.0.9999.9999">
	</mi:PackageRequirements>

	<mi:PackageInformation id="01292282-3CB3-4d87-851F-DA49EF547F8A" name="Base Configuration for C1" groupName="Composite" version="1.3.0" author="Composite" website="www.composite.net" canBeUninstalled="false" systemLocking="none">
		<Description>This package contains the base configuration for Composite C1.</Description>
	</mi:PackageInformation>

	<mi:PackageFragmentInstallers>

    <mi:Add installerType="Composite.PackageSystem.PackageFragmentInstallers.FilePackageFragmentInstaller, CompositeApplications" 
            uninstallerType="Composite.PackageSystem.PackageFragmentInstallers.FilePackageFragmentUninstaller, CompositeApplications">
      <Files>
        <File sourceFilename="~\Files\Default Page Template.xml" targetFilename="~\App_Data\PageTemplates\Default Page Template.xml" allowOverwrite="true" />
      </Files>
    </mi:Add>
    
		<mi:Add installerType="Composite.PackageSystem.PackageFragmentInstallers.DataPackageFragmentInstaller, CompositeApplications"
						uninstallerType="Composite.PackageSystem.PackageFragmentInstallers.DataPackageFragmentUninstaller, CompositeApplications">
			<Types>
				<Type type="Composite.Data.Types.IPackageServerSource, CompositeApplications">
					<Data dataScopeIdentifier="public" dataFilename="~\Datas\Composite.Data.Types.IPackageServerSources.xml" />
				</Type>
				<Type type="Composite.Data.Types.IFolderWhiteList, CompositeApplications">
					<Data dataScopeIdentifier="administrated" dataFilename="~\Datas\Composite.Data.Types.IFolderWhiteLists.xml" />
				</Type>
        <Type type="Composite.Data.Types.IWhiteListedLocale, CompositeApplications">
          <Data dataScopeIdentifier="administrated" dataFilename="~\Datas\Composite.Data.Types.IWhiteListedLocale.xml" />
        </Type>
        <Type type="Composite.Data.Types.IPageType, CompositeApplications">
          <Data dataScopeIdentifier="administrated" dataFilename="~\Datas\Composite.Data.Types.IPageTypes.xml" />
        </Type>
        <Type type="Composite.Data.Types.IPageTemplate, CompositeApplications">
          <Data dataScopeIdentifier="administrated" dataFilename="~\Datas\Composite.Data.Types.IPageTemplates.xml" />
        </Type>
        <Type type="Composite.Data.Types.IUserGroup, CompositeApplications">
          <Data dataScopeIdentifier="administrated" dataFilename="~\Datas\Composite.Data.Types.IUserGroups.xml" />
        </Type>
        <Type type="Composite.Data.Types.IUserGroupActivePerspective, CompositeApplications">
          <Data dataScopeIdentifier="administrated" dataFilename="~\Datas\Composite.Data.Types.IUserGroupActivePerspectives.xml" />
        </Type>
        <Type type="Composite.Data.Types.IUserGroupPermissionDefinition, CompositeApplications">
          <Data dataScopeIdentifier="administrated" dataFilename="~\Datas\Composite.Data.Types.IUserGroupPermissionDefinitions.xml" />
        </Type>
        <Type type="Composite.Data.Types.IUserGroupPermissionDefinitionPermissionType, CompositeApplications">
          <Data dataScopeIdentifier="administrated" dataFilename="~\Datas\Composite.Data.Types.IUserGroupPermissionDefinitionPermissionTypes.xml" />
        </Type>        
			</Types>
		</mi:Add>
		
	</mi:PackageFragmentInstallers>
</mi:PackageInstaller>