﻿<?xml version="1.0" encoding="utf-8"?>
<mi:PackageInstaller xmlns:mi="http://www.composite.net/ns/management/packageinstaller/1.0" >

	<mi:PackageRequirements minimumCompositeVersion="2.0.0.0" maximumCompositeVersion="2.0.9999.9999">
	</mi:PackageRequirements>

	<mi:PackageInformation id="01292282-3CB3-4d87-851F-DA49EF547F8A" name="Base Configuration for C1" groupName="Composite" version="2.0.0" author="Composite" website="www.composite.net" canBeUninstalled="false" systemLocking="none">
		<Description>This package contains the base configuration for Composite C1.</Description>
	</mi:PackageInformation>

	<mi:PackageFragmentInstallers>
    
		<mi:Add installerType="Composite.PackageSystem.PackageFragmentInstallers.DataPackageFragmentInstaller, Composite"
						uninstallerType="Composite.PackageSystem.PackageFragmentInstallers.DataPackageFragmentUninstaller, Composite">
			<Types>
				<Type type="Composite.Data.Types.IPackageServerSource, Composite">
					<Data dataScopeIdentifier="public" dataFilename="~\Datas\Composite.Data.Types.IPackageServerSources.xml" />
				</Type>
				<Type type="Composite.Data.Types.IFolderWhiteList, Composite">
					<Data dataScopeIdentifier="administrated" dataFilename="~\Datas\Composite.Data.Types.IFolderWhiteLists.xml" />
				</Type>
        <Type type="Composite.Data.Types.IWhiteListedLocale, Composite">
          <Data dataScopeIdentifier="administrated" dataFilename="~\Datas\Composite.Data.Types.IWhiteListedLocale.xml" />
        </Type>                
			</Types>
		</mi:Add>
		
	</mi:PackageFragmentInstallers>
</mi:PackageInstaller>