﻿<?xml version="1.0" encoding="utf-8"?>
<mi:AddOnInstaller xmlns:mi="http://www.composite.net/ns/management/addoninstaller/1.0" >

	<mi:AddOnRequirements minimumCompositeVersion="1.0.0.0" maximumCompositeVersion="1.9.9.9">
	</mi:AddOnRequirements>

	<mi:AddOnInformation id="CD93327C-FB53-4416-A7A9-06A9B44FC6B3" name="Sleeper (hard)" groupName="MRJ AddOns" version="1.0.0" author="Martin Jensens" website="www.composite.net" canBeUninstalled="true" systemLocking="hard">
		<Description>This is a pretty cool AddOn!</Description>
	</mi:AddOnInformation>

	<mi:AddOnFragmentInstallerBinaries>
		<mi:Add path="~/AddOnFragmentInstallerBinaries/AddOnFragmentInstallers.dll" />
	</mi:AddOnFragmentInstallerBinaries>

	<mi:AddOnFragmentInstallers>
		<mi:Add installerType="AddOnFragmentInstallers.SleeperAddOnFragmentInstaller, AddOnFragmentInstallers"
				uninstallerType="AddOnFragmentInstallers.SleeperAddOnFragmentUninstaller, AddOnFragmentInstallers">
		</mi:Add>
	</mi:AddOnFragmentInstallers>
</mi:AddOnInstaller>