﻿<?xml version="1.0" encoding="utf-8"?>
<mi:AddOnInstaller xmlns:mi="http://www.composite.net/ns/management/addoninstaller/1.0" >

  <mi:AddOnRequirements minimumCompositeVersion="1.0.0" maximumCompositeVersion="1.9.9">
  </mi:AddOnRequirements>

  <mi:AddOnInformation 
    name="NewsList" 
    groupName="Composite" 
    version="1.0.0" 
    author="Volodymyr Muzyka" 
    website="www.composite.net" 
    id="8C2DFC2D-1FCB-47c6-9FAA-DE80C384A66F" 
    canBeUninstalled="true" 
    systemLocking="none">
    <Description>News List</Description>
  </mi:AddOnInformation>

  <mi:AddOnFragmentInstallerBinaries>
    <mi:Add path="~/Bin/CreatingDynamicDataTypeAddonsInstaller.dll" />
  </mi:AddOnFragmentInstallerBinaries>

  <mi:AddOnFragmentInstallers>
    <mi:Add installerType="Composite.AddOnSystem.AddOnFragmentInstallers.FileAddOnFragmentInstaller, Composite"
                    uninstallerType="Composite.AddOnSystem.AddOnFragmentInstallers.FileAddOnFragmentUninstaller, Composite">
      <Files>
        <File sourceFilename="~\App_Data\Xslt\Composite\Samples\NewsSideBar.xsl" targetFilename="~\App_Data\Xslt\Composite\Samples\NewsSideBar.xsl" allowOverwrite="false" />
        <File sourceFilename="~\App_Data\Xslt\Composite\Samples\NewsDetails.xsl" targetFilename="~\App_Data\Xslt\Composite\Samples\NewsDetails.xsl" allowOverwrite="false" />
        <File sourceFilename="~\App_Data\Xslt\Composite\Samples\NewsArchive.xsl" targetFilename="~\App_Data\Xslt\Composite\Samples\NewsArchive.xsl" allowOverwrite="false" />
      </Files>
    </mi:Add>

    <mi:Add installerType="Composite.AddOnSystem.AddOnFragmentInstallers.CreatingDynamicDataTypeAddOnFragmentInstaller, CreatingDynamicDataTypeAddonsInstaller"
     uninstallerType="Composite.AddOnSystem.AddOnFragmentInstallers.CreatingDynamicDataTypeAddOnFragmentUninstaller, CreatingDynamicDataTypeAddonsInstaller">
      <Types>
        <Type providerName="GeneratedDataTypesElementProvider" dataTypeDescriptor="&lt;DataTypeDescriptor dataTypeId=&quot;901ba340-b2f3-4716-96d3-71f2545fda02&quot; name=&quot;NewsList&quot; namespace=&quot;Composite&quot; title=&quot;NewsList&quot; hasCustomPhysicalSortOrder=&quot;false&quot; isCodeGenerated=&quot;true&quot; labelFieldName=&quot;Title&quot; typeManagerTypeName=&quot;DynamicType:Composite.NewsList&quot; version=&quot;4&quot;&gt;&#xD;&#xA;  &lt;DataAssociations /&gt;&#xD;&#xA;  &lt;DataScopes&gt;&#xD;&#xA;    &lt;DataScopeIdentifier name=&quot;public&quot; /&gt;&#xD;&#xA;    &lt;DataScopeIdentifier name=&quot;deleted&quot; /&gt;&#xD;&#xA;    &lt;DataScopeIdentifier name=&quot;administrated&quot; /&gt;&#xD;&#xA;  &lt;/DataScopes&gt;&#xD;&#xA;  &lt;KeyPropertyNames&gt;&#xD;&#xA;    &lt;KeyPropertyName name=&quot;Id&quot; /&gt;&#xD;&#xA;  &lt;/KeyPropertyNames&gt;&#xD;&#xA;  &lt;SuperInterfaces&gt;&#xD;&#xA;    &lt;SuperInterface type=&quot;Composite.Data.ProcessControlled.IDeleteControlled,Composite&quot; /&gt;&#xD;&#xA;    &lt;SuperInterface type=&quot;Composite.Data.ProcessControlled.IProcessControlled,Composite&quot; /&gt;&#xD;&#xA;    &lt;SuperInterface type=&quot;Composite.Data.ProcessControlled.IPublishControlled,Composite&quot; /&gt;&#xD;&#xA;  &lt;/SuperInterfaces&gt;&#xD;&#xA;  &lt;Fields&gt;&#xD;&#xA;    &lt;DataFieldDescriptor id=&quot;6b82637e-1a50-44d5-8ba1-a8347c0bd11d&quot; name=&quot;Id&quot; isNullable=&quot;false&quot; position=&quot;-1&quot; inherited=&quot;false&quot; instanceType=&quot;System.Guid, mscorlib, Version=2.0.0.0, Culture=neutral, PublicKeyToken=b77a5c561934e089&quot; storeType=&quot;PhysicalStoreType='Guid'&quot;&gt;&#xD;&#xA;      &lt;FormRenderingProfile /&gt;&#xD;&#xA;      &lt;ValidationFunctionMarkups /&gt;&#xD;&#xA;    &lt;/DataFieldDescriptor&gt;&#xD;&#xA;    &lt;DataFieldDescriptor id=&quot;e2f38c4e-f73f-4ae8-bd05-18dd161e78a8&quot; name=&quot;Title&quot; isNullable=&quot;false&quot; position=&quot;0&quot; inherited=&quot;false&quot; instanceType=&quot;System.String, mscorlib, Version=2.0.0.0, Culture=neutral, PublicKeyToken=b77a5c561934e089&quot; storeType=&quot;PhysicalStoreType='String'Length='1024'&quot; defaultValue=&quot;ValueType='String'Value=''&quot;&gt;&#xD;&#xA;      &lt;FormRenderingProfile label=&quot;Title&quot; helpText=&quot;Title&quot; widgetFunctionMarkup=&quot;&amp;lt;f:widgetfunction xmlns:f=&amp;quot;http://www.composite.net/ns/function/1.0&amp;quot; name=&amp;quot;Composite.Widgets.String.TextBox&amp;quot; label=&amp;quot;&amp;quot; bindingsourcename=&amp;quot;&amp;quot;&amp;gt;&amp;lt;f:helpdefinition xmlns:f=&amp;quot;http://www.composite.net/ns/function/1.0&amp;quot; helptext=&amp;quot;&amp;quot; /&amp;gt;&amp;lt;/f:widgetfunction&amp;gt;&quot; /&gt;&#xD;&#xA;      &lt;ValidationFunctionMarkups /&gt;&#xD;&#xA;    &lt;/DataFieldDescriptor&gt;&#xD;&#xA;    &lt;DataFieldDescriptor id=&quot;db507fb7-ced9-4574-817d-2a0cf880248d&quot; name=&quot;Date&quot; isNullable=&quot;false&quot; position=&quot;1&quot; inherited=&quot;false&quot; instanceType=&quot;System.DateTime, mscorlib, Version=2.0.0.0, Culture=neutral, PublicKeyToken=b77a5c561934e089&quot; storeType=&quot;PhysicalStoreType='DateTime'&quot; defaultValue=&quot;ValueType='DateTimeNow'Value='7/2/2008\ 9:24:47\ AM'&quot;&gt;&#xD;&#xA;      &lt;FormRenderingProfile label=&quot;Date&quot; helpText=&quot;Date&quot; widgetFunctionMarkup=&quot;&amp;lt;f:widgetfunction xmlns:f=&amp;quot;http://www.composite.net/ns/function/1.0&amp;quot; name=&amp;quot;Composite.Widgets.Date.DateSelector&amp;quot; label=&amp;quot;&amp;quot; bindingsourcename=&amp;quot;&amp;quot;&amp;gt;&amp;lt;f:helpdefinition xmlns:f=&amp;quot;http://www.composite.net/ns/function/1.0&amp;quot; helptext=&amp;quot;&amp;quot; /&amp;gt;&amp;lt;/f:widgetfunction&amp;gt;&quot; /&gt;&#xD;&#xA;      &lt;ValidationFunctionMarkups /&gt;&#xD;&#xA;    &lt;/DataFieldDescriptor&gt;&#xD;&#xA;    &lt;DataFieldDescriptor id=&quot;b220c6a5-e4c1-48e1-83d6-d0be12724f5d&quot; name=&quot;Description&quot; isNullable=&quot;false&quot; position=&quot;2&quot; inherited=&quot;false&quot; instanceType=&quot;System.String, mscorlib, Version=2.0.0.0, Culture=neutral, PublicKeyToken=b77a5c561934e089&quot; storeType=&quot;PhysicalStoreType='LargeString'&quot; defaultValue=&quot;ValueType='String'Value=''&quot;&gt;&#xD;&#xA;      &lt;FormRenderingProfile label=&quot;Description&quot; helpText=&quot;Description&quot; widgetFunctionMarkup=&quot;&amp;lt;f:widgetfunction xmlns:f=&amp;quot;http://www.composite.net/ns/function/1.0&amp;quot; name=&amp;quot;Composite.Widgets.String.VisualXhtmlEditor&amp;quot; label=&amp;quot;&amp;quot; bindingsourcename=&amp;quot;&amp;quot;&amp;gt;&amp;lt;f:helpdefinition xmlns:f=&amp;quot;http://www.composite.net/ns/function/1.0&amp;quot; helptext=&amp;quot;&amp;quot; /&amp;gt;&amp;lt;/f:widgetfunction&amp;gt;&quot; /&gt;&#xD;&#xA;      &lt;ValidationFunctionMarkups /&gt;&#xD;&#xA;    &lt;/DataFieldDescriptor&gt;&#xD;&#xA;  &lt;/Fields&gt;&#xD;&#xA;&lt;/DataTypeDescriptor&gt;" />
      </Types>
    </mi:Add>

    <mi:Add installerType="Composite.AddOnSystem.AddOnFragmentInstallers.DataAddOnFragmentInstaller, Composite"
        uninstallerType="Composite.AddOnSystem.AddOnFragmentInstallers.DataAddOnFragmentUninstaller, Composite">
      <Types>
        <Type type="Composite.Data.Types.IXsltFunction, Composite">
          <Data dataScopeIdentifier="public" dataFilename="~\Datas\Composite.Data.Types.IXsltFunction.xml" />
        </Type>
        <Type type="Composite.Data.Types.IParameter, Composite">
          <Data dataScopeIdentifier="public" dataFilename="~\Datas\Composite.Data.Types.IParameter.xml" />
        </Type>
        <Type type="Composite.Data.Types.INamedFunctionCall, Composite">
          <Data dataScopeIdentifier="public" dataFilename="~\Datas\Composite.Data.Types.INamedFunctionCall.xml" />
        </Type>
      </Types>
    </mi:Add>

  </mi:AddOnFragmentInstallers>
</mi:AddOnInstaller>

