﻿<?xml version="1.0" encoding="utf-8"?>
<mi:AddOnInstaller xmlns:mi="http://www.composite.net/ns/management/addoninstaller/1.0" >

	<mi:AddOnRequirements minimumCompositeVersion="1.0.0.0" maximumCompositeVersion="1.9.9.9">
	</mi:AddOnRequirements>

	<mi:AddOnInformation id="C97E1863-A5D8-4594-97A8-8C6749D12304" name="ExistingDataType" groupName="MRJ AddOns" version="1.0.0" author="Martin Jensens" website="www.composite.net" canBeUninstalled="true" systemLocking="none">
		<Description>This add-on installs a exsitng data type. This is for testing only!</Description>
	</mi:AddOnInformation>

	<mi:AddOnFragmentInstallers>
		<mi:Add installerType="Composite.AddOnSystem.AddOnFragmentInstallers.DataTypeAddOnFragmentInstaller, Composite"
				uninstallerType="Composite.AddOnSystem.AddOnFragmentInstallers.DataTypeAddOnFragmentUninstaller, Composite">
			<Types>
				<Type name="Composite.Data.Types.IPage, Composite" />
			</Types>
		</mi:Add>

	</mi:AddOnFragmentInstallers>
</mi:AddOnInstaller>