﻿<?xml version="1.0" encoding="utf-8"?>
<Data>
  <Add Id="7fc1c9ce-2ef3-48bb-84da-6891d832d209" UserGroupPermissionDefinitionId="a4d3a5e0-cc97-406c-9f3c-70568ba73423" PermissionTypeName="Publish" />
  <Add Id="d5b85585-a7fa-43d4-96c3-c1a20cc0586a" UserGroupPermissionDefinitionId="84669a87-118a-468c-ba59-987f39b925df" PermissionTypeName="Delete" />
  <Add Id="68f10679-f23a-4806-aefd-da64da7948e8" UserGroupPermissionDefinitionId="26b2b533-d6a3-4628-94f4-a9009ac32284" PermissionTypeName="Administrate" />
  <Add Id="0a7fd8f4-1485-4670-989b-abc2aa51f78a" UserGroupPermissionDefinitionId="438e32e6-8901-4968-a1f0-03302bb8f450" PermissionTypeName="Edit" />
  <Add Id="a8e9bf04-e886-4404-878b-e4778a685e22" UserGroupPermissionDefinitionId="84669a87-118a-468c-ba59-987f39b925df" PermissionTypeName="Add" />
  <Add Id="79143e3e-1319-41bb-9a88-ee90609a8d98" UserGroupPermissionDefinitionId="26b2b533-d6a3-4628-94f4-a9009ac32284" PermissionTypeName="Add" />
  <Add Id="5d9190c9-2fa8-416c-8d8a-0ee43d82852a" UserGroupPermissionDefinitionId="1fb0a33b-aa37-4acf-be0b-2c78d6ddd964" PermissionTypeName="Publish" />
  <Add Id="1b1025b6-2ed7-46e0-b17c-786df1a16fe1" UserGroupPermissionDefinitionId="84669a87-118a-468c-ba59-987f39b925df" PermissionTypeName="Approve" />
  <Add Id="29c78c4b-c30d-4d3f-8b8d-8450006516ce" UserGroupPermissionDefinitionId="a4d3a5e0-cc97-406c-9f3c-70568ba73423" PermissionTypeName="Edit" />
  <Add Id="936f789d-f206-476e-a488-fd0c15f0dcc2" UserGroupPermissionDefinitionId="1fb0a33b-aa37-4acf-be0b-2c78d6ddd964" PermissionTypeName="Edit" />
  <Add Id="202eb795-d6c0-4a73-af5b-b5165c3bffce" UserGroupPermissionDefinitionId="84669a87-118a-468c-ba59-987f39b925df" PermissionTypeName="Read" />
  <Add Id="91616bba-7a3f-4165-be4c-cb340b1739db" UserGroupPermissionDefinitionId="26b2b533-d6a3-4628-94f4-a9009ac32284" PermissionTypeName="Delete" />
  <Add Id="30f234a1-e64a-4ded-ab25-f0405952070f" UserGroupPermissionDefinitionId="1fb0a33b-aa37-4acf-be0b-2c78d6ddd964" PermissionTypeName="Add" />
  <Add Id="8fd317cd-317d-45e0-b3be-47522e9c9d8d" UserGroupPermissionDefinitionId="84669a87-118a-468c-ba59-987f39b925df" PermissionTypeName="Edit" />
  <Add Id="ab089813-11d7-463a-a27b-3d0a7caf62ca" UserGroupPermissionDefinitionId="26b2b533-d6a3-4628-94f4-a9009ac32284" PermissionTypeName="Read" />
  <Add Id="b5d999da-e6d4-4c28-ba3f-bb4f9dc7b629" UserGroupPermissionDefinitionId="26b2b533-d6a3-4628-94f4-a9009ac32284" PermissionTypeName="Approve" />
  <Add Id="09ba93cf-2297-4b40-9353-1939400ea673" UserGroupPermissionDefinitionId="438e32e6-8901-4968-a1f0-03302bb8f450" PermissionTypeName="Publish" />
  <Add Id="8f486b91-784c-4e3e-97d3-0fb2c26a0122" UserGroupPermissionDefinitionId="30254057-e49c-4d6b-ae02-a38ea0588f8d" PermissionTypeName="Read" />
  <Add Id="3d0f999e-a9db-4a73-b4dd-a1381e0b0aed" UserGroupPermissionDefinitionId="438e32e6-8901-4968-a1f0-03302bb8f450" PermissionTypeName="Approve" />
  <Add Id="56c11e88-de5f-4eb9-bd40-6ef74437728a" UserGroupPermissionDefinitionId="438e32e6-8901-4968-a1f0-03302bb8f450" PermissionTypeName="Delete" />
  <Add Id="48220d87-e4cf-4ab6-ae41-f007a459909b" UserGroupPermissionDefinitionId="a4d3a5e0-cc97-406c-9f3c-70568ba73423" PermissionTypeName="Read" />
  <Add Id="67146768-b43d-47ff-ab9b-9855b5ba2f82" UserGroupPermissionDefinitionId="1fb0a33b-aa37-4acf-be0b-2c78d6ddd964" PermissionTypeName="Delete" />
  <Add Id="baaf583b-d823-4a20-96f0-da8275ba3f5a" UserGroupPermissionDefinitionId="a4d3a5e0-cc97-406c-9f3c-70568ba73423" PermissionTypeName="Add" />
  <Add Id="c2e42345-514e-406c-8ed0-b5a7ec72f2dd" UserGroupPermissionDefinitionId="1fb0a33b-aa37-4acf-be0b-2c78d6ddd964" PermissionTypeName="Administrate" />
  <Add Id="95e191d4-4ee1-4818-8f60-d41f0c4d394f" UserGroupPermissionDefinitionId="a4d3a5e0-cc97-406c-9f3c-70568ba73423" PermissionTypeName="Approve" />
  <Add Id="d1d8edac-6201-4747-a697-d8ca19b79f37" UserGroupPermissionDefinitionId="a4d3a5e0-cc97-406c-9f3c-70568ba73423" PermissionTypeName="Delete" />
  <Add Id="5fec8f3f-d12c-4a6f-926a-6325242bcdba" UserGroupPermissionDefinitionId="1fb0a33b-aa37-4acf-be0b-2c78d6ddd964" PermissionTypeName="Approve" />
  <Add Id="d1bf6d14-e903-4d7f-b442-a9e8e4ade72e" UserGroupPermissionDefinitionId="438e32e6-8901-4968-a1f0-03302bb8f450" PermissionTypeName="Add" />
  <Add Id="103c5ef3-38a5-494b-8e3f-9fc284c0e13d" UserGroupPermissionDefinitionId="1fb0a33b-aa37-4acf-be0b-2c78d6ddd964" PermissionTypeName="Read" />
  <Add Id="5daea406-7e2e-4a1a-9997-d023e0684cfa" UserGroupPermissionDefinitionId="26b2b533-d6a3-4628-94f4-a9009ac32284" PermissionTypeName="Publish" />
  <Add Id="e34a491e-d17a-4767-a99b-c375dbaa00a3" UserGroupPermissionDefinitionId="26b2b533-d6a3-4628-94f4-a9009ac32284" PermissionTypeName="Edit" />
  <Add Id="e5a30cb0-f8f8-4fae-ba2b-f8eeb38d8c1a" UserGroupPermissionDefinitionId="438e32e6-8901-4968-a1f0-03302bb8f450" PermissionTypeName="Read" />
  <Add Id="c2d81caa-cfc8-4b64-b93a-0aed7b054259" UserGroupPermissionDefinitionId="84669a87-118a-468c-ba59-987f39b925df" PermissionTypeName="Publish" />
</Data>