﻿<?xml version="1.0" encoding="utf-8"?>
<mi:AddOnInstaller xmlns:mi="http://www.composite.net/ns/management/addoninstaller/1.0" >

	<mi:AddOnRequirements minimumCompositeVersion="1.0.0.0" maximumCompositeVersion="1.9.9.9">
	</mi:AddOnRequirements>

	<mi:AddOnInformation id="21AB4581-E282-40ad-B87C-526CCEDA21AB" name="ConfigFailingAddOn" groupName="MRJ AddOns" version="1.0.0" author="Martin Jensens" website="www.composite.net" canBeUninstalled="true" systemLocking="none">
		<Description>This is a pretty cool AddOn!</Description>
	</mi:AddOnInformation>

	<mi:AddOnFragmentInstallers>
		<mi:Add>
		</mi:Add>
	</mi:AddOnFragmentInstallers>
</mi:AddOnInstaller>