﻿<?xml version="1.0" encoding="utf-8"?>
<mi:PackageInstaller xmlns:mi="http://www.composite.net/ns/management/packageinstaller/1.0" >

	<mi:PackageRequirements minimumCompositeVersion="2.0.0.0" maximumCompositeVersion="2.0.9999.9999">
	</mi:PackageRequirements>

	<mi:PackageInformation id="C15FA253-5F92-43C5-BDB0-D9E114F28644" name="Base Configuration for C1 Basic Website" groupName="Composite" version="2.0.0" author="Composite" website="www.composite.net" canBeUninstalled="false" systemLocking="none">
		<Description>This package contains the base configuration for a Composite C1 Basic Website.</Description>
	</mi:PackageInformation>

	<mi:PackageFragmentInstallers>

    <mi:Add installerType="Composite.PackageSystem.PackageFragmentInstallers.FilePackageFragmentInstaller, Composite" 
            uninstallerType="Composite.PackageSystem.PackageFragmentInstallers.FilePackageFragmentUninstaller, Composite">
      <Files>
        <File sourceFilename="~\Files\Default Page Template.xml" targetFilename="~\App_Data\PageTemplates\Default Page Template.xml" allowOverwrite="true" />
      </Files>
    </mi:Add>
    
		<mi:Add installerType="Composite.PackageSystem.PackageFragmentInstallers.DataPackageFragmentInstaller, Composite"
						uninstallerType="Composite.PackageSystem.PackageFragmentInstallers.DataPackageFragmentUninstaller, Composite">
			<Types>				
        <Type type="Composite.Data.Types.IPageType, Composite">
          <Data dataScopeIdentifier="administrated" dataFilename="~\Datas\Composite.Data.Types.IPageTypes.xml" />
        </Type>
        <Type type="Composite.Data.Types.IPageTemplate, Composite">
          <Data dataScopeIdentifier="administrated" dataFilename="~\Datas\Composite.Data.Types.IPageTemplates.xml" />
        </Type>             
			</Types>
		</mi:Add>
		
	</mi:PackageFragmentInstallers>
</mi:PackageInstaller>