﻿<?xml version="1.0" encoding="utf-8"?>
<mi:AddOnInstaller xmlns:mi="http://www.composite.net/ns/management/addoninstaller/1.0" >

  <mi:AddOnRequirements minimumCompositeVersion="1.0.0" maximumCompositeVersion="1.9.9">
  </mi:AddOnRequirements>

  <mi:AddOnInformation 
    name="DistributedNavigation" 
    groupName="Composite" 
    version="1.0.0" 
    author="Taras Nakonechnyi" 
    website="www.composite.net" 
    id="9C15DC7C-DD11-441a-A4C3-49313AD761F2" 
    canBeUninstalled="true" 
    systemLocking="none">
    <Description>Universal Navigation Builder</Description>
  </mi:AddOnInformation>

  <mi:AddOnFragmentInstallerBinaries>
  </mi:AddOnFragmentInstallerBinaries>

  <mi:AddOnFragmentInstallers>

    <mi:Add installerType="Composite.AddOnSystem.AddOnFragmentInstallers.FileAddOnFragmentInstaller, Composite"
                    uninstallerType="Composite.AddOnSystem.AddOnFragmentInstallers.FileAddOnFragmentUninstaller, Composite">
      <Files>
        <File sourceFilename="~\Xslt\DistributedNavigation.xsl" targetFilename="~\App_Data\Xslt\Composite\Navigation\DistributedNavigation.xsl" allowOverwrite="false" />
      </Files>
    </mi:Add>

    <mi:Add installerType="Composite.AddOnSystem.AddOnFragmentInstallers.DataAddOnFragmentInstaller, Composite"
            uninstallerType="Composite.AddOnSystem.AddOnFragmentInstallers.DataAddOnFragmentUninstaller, Composite">
      <Types>
        <Type type="Composite.Data.Types.IXsltFunction, Composite">
          <Data dataScopeIdentifier="public" dataFilename="~\Datas\Composite.Data.Types.IXsltFunction.xml" />
        </Type>
        <Type type="Composite.Data.Types.IParameter, Composite">
          <Data dataScopeIdentifier="public" dataFilename="~\Datas\Composite.Data.Types.IParameter.xml" />
        </Type>
        <Type type="Composite.Data.Types.INamedFunctionCall, Composite">
          <Data dataScopeIdentifier="public" dataFilename="~\Datas\Composite.Data.Types.INamedFunctionCall.xml" />
        </Type>
      </Types>
    </mi:Add>
  </mi:AddOnFragmentInstallers>
</mi:AddOnInstaller>
