﻿<?xml version="1.0" encoding="utf-8"?>
<mi:AddOnInstaller xmlns:mi="http://www.composite.net/ns/management/addoninstaller/1.0" >

  <mi:AddOnRequirements minimumCompositeVersion="1.0.0" maximumCompositeVersion="1.9.9">
  </mi:AddOnRequirements>

  <mi:AddOnInformation 
    name="FormsRenderer" 
    groupName="Composite" 
    version="1.0.0" 
    author="Taras Nakonechnyi" 
    website="www.composite.net" 
    id="6FE2EF97-15E6-4aca-A1E3-588D770B435B" 
    canBeUninstalled="true" 
    systemLocking="none">
    <Description>Builds form based Dynamiv DataType</Description>
  </mi:AddOnInformation>

    <mi:AddOnFragmentInstallerBinaries>
      <mi:Add path="~/Bin/FormsRenderer.dll" />
    </mi:AddOnFragmentInstallerBinaries>


  <mi:AddOnFragmentInstallers>
    <mi:Add installerType="Composite.AddOnSystem.AddOnFragmentInstallers.FileAddOnFragmentInstaller, Composite"
        uninstallerType="Composite.AddOnSystem.AddOnFragmentInstallers.FileAddOnFragmentUninstaller, Composite">
      <Files>
        <File sourceFilename="~\Bin\FormsRenderer.dll" targetFilename="~\Bin\FormsRenderer.dll" allowOverwrite="false" />
      </Files>

      <Directories>
        <Directory sourceDirectory="~\AddOns\FormsRenderer\"
                   targetDirectory="~\AddOns\FormsRenderer\"
                   allowOverwrite="true"
                   deleteTargetDirectory="false"/>
      </Directories>
    </mi:Add>

    <mi:Add installerType="Composite.AddOnSystem.AddOnFragmentInstallers.ConfigurationTransformationAddOnFragmentInstaller, Composite"
                        uninstallerType="Composite.AddOnSystem.AddOnFragmentInstallers.ConfigurationTransformationAddOnFragmentUninstaller, Composite">

      <Install xsltFilePath="~/Config/Install.xsl"></Install>
      <Uninstall xsltFilePath="~/Config/Uninstall.xsl"></Uninstall>
    </mi:Add>

  </mi:AddOnFragmentInstallers>
 
</mi:AddOnInstaller>

