﻿<?xml version="1.0" encoding="utf-8"?>
<mi:AddOnInstaller xmlns:mi="http://www.composite.net/ns/management/addoninstaller/1.0" >

	<mi:AddOnRequirements minimumCompositeVersion="1.0" maximumCompositeVersion="1.9.9.9">
	</mi:AddOnRequirements>

	<mi:AddOnInformation id="15A3AC0A-DCBD-48f6-9FAB-5F9DC0AC6088" name="EmptyAddOn WrongVersion (none)" groupName="MRJ AddOns" version="1" author="Martin Jensens" website="www.composite.net" canBeUninstalled="true" systemLocking="none">
		<Description>This is a pretty cool AddOn!</Description>
	</mi:AddOnInformation>

	<mi:AddOnFragmentInstallers>
	</mi:AddOnFragmentInstallers>
</mi:AddOnInstaller>