﻿<?xml version="1.0" encoding="utf-8"?>
<mi:AddOnInstaller xmlns:mi="http://www.composite.net/ns/management/addoninstaller/1.0" >

	<mi:AddOnRequirements minimumCompositeVersion="1.0.0.0" maximumCompositeVersion="1.9.9.9">
	</mi:AddOnRequirements>

	<mi:AddOnInformation id="C68C59A1-34A4-4b9d-9F12-AFCE8549340A" name="IDataRequiresLicense (hard)" groupName="MRJ AddOns" version="1.0.0" author="Martin Jensens" website="www.composite.net" canBeUninstalled="true" systemLocking="hard">
		<Description>This add-on installs a new data type the requires license. This is for testing only!</Description>
	</mi:AddOnInformation>

	<mi:AddOnFragmentInstallers>
		<mi:Add installerType="Composite.AddOnSystem.AddOnFragmentInstallers.FileAddOnFragmentInstaller, Composite"
			  uninstallerType="Composite.AddOnSystem.AddOnFragmentInstallers.FileAddOnFragmentUninstaller, Composite">
			<Files>
				<File sourceFilename="~\LicenseAddOnTest.dll" targetFilename="~\Bin\LicenseAddOnTest.dll" assemblyLoad="true" allowOverwrite="true"/>
			</Files>
		</mi:Add>

		<mi:Add installerType="Composite.AddOnSystem.AddOnFragmentInstallers.DataTypeAddOnFragmentInstaller, Composite"
				uninstallerType="Composite.AddOnSystem.AddOnFragmentInstallers.DataTypeAddOnFragmentUninstaller, Composite">
			<Types>
				<Type name="LicenseAddOnTest.IRequiresLicenseData, LicenseAddOnTest" />
			</Types>
		</mi:Add>

	</mi:AddOnFragmentInstallers>
</mi:AddOnInstaller>