<?xml version="1.0" encoding="UTF-8"?>
<html xmlns="http://www.w3.org/1999/xhtml" xmlns:f="http://www.composite.net/ns/function/1.0" xmlns:lang="http://www.composite.net/ns/localization/1.0" xmlns:rendering="http://www.composite.net/ns/rendering/1.0" xmlns:asp="http://www.composite.net/ns/asp.net/controls">
	<head>
		<title>
			<rendering:page.title />
		</title>
		<rendering:page.metatag.description />
	</head>
	<body>
		<asp:form>
			<div style="float:right; width:10em">
				<f:function name="Composite.Pages.QuickSitemap" />
			</div>
			<h1><rendering:page.title /></h1>
			<h2><rendering:page.abstract /></h2>
			<div id="content">
				<rendering:placeholder id="contentplaceholder" title="Content" default="true" />
			</div>
		</asp:form>
	</body>
</html>
