﻿<?xml version="1.0" encoding="utf-8"?>
<strings>
  <string key="Composite.FormsRenderer.Form.description" value="Form description" />
  
  <string key="Composite.FormsRenderer.Form.param.DataType.label" value="DataType" />
  <string key="Composite.FormsRenderer.Form.param.DataType.help" value="The data type that’s used to render the form" />
  <string key="Composite.FormsRenderer.Form.param.IntroText.label" value="IntroText" />
  <string key="Composite.FormsRenderer.Form.param.IntroText.help" value="Xhtml block that’s shown above the form (before submit)" />
  <string key="Composite.FormsRenderer.Form.param.ResponseText.label" value="ResponseText" />
  <string key="Composite.FormsRenderer.Form.param.ResponseText.help" value="Xhtml block, that’s shown instead of the intro and form after submit" />
  <string key="Composite.FormsRenderer.Form.param.ResponseUrl.label" value="ResponceUrl" />
  <string key="Composite.FormsRenderer.Form.param.ResponseUrl.help" value="A page that the user is redirected to. Optional field. If not specified, user is not redirected" />
  <string key="Composite.FormsRenderer.Form.param.SendButtonLabel.label" value="SendButtonLabel" />
  <string key="Composite.FormsRenderer.Form.param.SendButtonLabel.help" value="Send button label" />
  <string key="Composite.FormsRenderer.Form.param.ResetButtonLabel.label" value="ResetButtonLabel" />
  <string key="Composite.FormsRenderer.Form.param.ResetButtonLabel.help" value="Reset button label (if is empty = no button)." />
  
</strings>