﻿<?xml version="1.0" encoding="utf-8"?>
<mi:AddOnInstaller xmlns:mi="http://www.composite.net/ns/management/addoninstaller/1.0" >

  <mi:AddOnRequirements minimumCompositeVersion="1.0.0" maximumCompositeVersion="1.9.9">
  </mi:AddOnRequirements>

  <mi:AddOnInformation 
    name="Navigation DropDown" 
    groupName="Composite" 
    version="1.0.0" 
    author="Taras Nakonechnyy" 
    website="www.composite.net" 
    id="07CE6BF7-61CC-43f5-89C3-62CC96FF346A" 
    canBeUninstalled="true" 
    systemLocking="none">
    <Description>DropDown Menu</Description>
  </mi:AddOnInformation>

  <mi:AddOnFragmentInstallerBinaries>
  </mi:AddOnFragmentInstallerBinaries>

  <mi:AddOnFragmentInstallers>

    <mi:Add installerType="Composite.AddOnSystem.AddOnFragmentInstallers.FileAddOnFragmentInstaller, Composite"
                    uninstallerType="Composite.AddOnSystem.AddOnFragmentInstallers.FileAddOnFragmentUninstaller, Composite">
      <Files>
        <File sourceFilename="~\App_Data\Xslt\Composite\Navigation\NavigationDropDown.xsl" targetFilename="~\App_Data\Xslt\Composite\Navigation\NavigationDropDown.xsl" allowOverwrite="false" />
      </Files>

      <Directories>
        <Directory sourceDirectory="~\Addons\NavigationDropDown\"
                   targetDirectory="~\Addons\NavigationDropDown\"
                   allowOverwrite="true"
                   deleteTargetDirectory="false"/>
      </Directories>

    </mi:Add>

    <mi:Add installerType="Composite.AddOnSystem.AddOnFragmentInstallers.DataAddOnFragmentInstaller, Composite"
            uninstallerType="Composite.AddOnSystem.AddOnFragmentInstallers.DataAddOnFragmentUninstaller, Composite">
      <Types>
        <Type type="Composite.Data.Types.IXsltFunction, Composite">
          <Data dataScopeIdentifier="public" dataFilename="~\Datas\Composite.Data.Types.IXsltFunctions_public.xml" />
        </Type>
        <Type type="Composite.Data.Types.IParameter, Composite">
          <Data dataScopeIdentifier="public" dataFilename="~\Datas\Composite.Data.Types.IParameters_public.xml" />
        </Type>
        <Type type="Composite.Data.Types.INamedFunctionCall, Composite">
          <Data dataScopeIdentifier="public" dataFilename="~\Datas\Composite.Data.Types.INamedFunctionCalls_public.xml" />
        </Type>
      </Types>
    </mi:Add>
  </mi:AddOnFragmentInstallers>
</mi:AddOnInstaller>
